period,fuel,value
2023,Total,1689341
2022,Total,1756519
2021,Total,1722794
2020,Total,1641082
2019,Total,1822743
2018,Total,1857732
2017,Total,1779864
2016,Total,1770218
2015,Total,1745646
2014,Total,1868758
2013,Total,1821287
2012,Total,1748077
2011,Total,1792947
2010,Total,1813527
2009,Total,1742930
2008,Total,1874372
2007,Total,1869802
2006,Total,1821508
2005,Total,1851444
2004,Total,1846595
2003,Total,1843962
2002,Total,1767476
2001,Total,1706313
2000,Total,1735761
1999,Total,1682954
1998,Total,1613948
1997,Total,1638039
1996,Total,1669382
1995,Total,1601592
1994,Total,1512190
1993,Total,1476438
1992,Total,1432163
1991,Total,1423114
1990,Total,1399749
1989,Total,1356678
1988,Total,1325608
1987,Total,1219310
1986,Total,1210175
1985,Total,1223172
1984,Total,1211934
1983,Total,1149001
1982,Total,1150235
1981,Total,1145104
1980,Total,1192251
1979,Total,1317715
1978,Total,1318580
1977,Total,1233709
1976,Total,1262619
1975,Total,1212678
1974,Total,1205489
1973,Total,1228840
1972,Total,1180510
1971,Total,1119593
1970,Total,1080497
1969,Total,1054849
1968,Total,967720
1967,Total,906385
1966,Total,902125
1965,Total,845723
1964,Total,798302
1963,Total,759016
1962,Total,749533
1961,Total,712762
1960,Total,708144
2023,Petroleum,567064
2022,Petroleum,568942
2021,Petroleum,561836
2020,Petroleum,533056
2019,Petroleum,625015
2018,Petroleum,613902
2017,Petroleum,606298
2016,Petroleum,613114
2015,Petroleum,589322
2014,Petroleum,597525
2013,Petroleum,598167
2012,Petroleum,580654
2011,Petroleum,575707
2010,Petroleum,587689
2009,Petroleum,590884
2008,Petroleum,643535
2007,Petroleum,678958
2006,Petroleum,680945
2005,Petroleum,700917
2004,Petroleum,688025
2003,Petroleum,671245
2002,Petroleum,650633
2001,Petroleum,652093
2000,Petroleum,657500
1999,Petroleum,641002
1998,Petroleum,613318
1997,Petroleum,614840
1996,Petroleum,621533
1995,Petroleum,585943
1994,Petroleum,565003
1993,Petroleum,547209
1992,Petroleum,538597
1991,Petroleum,509447
1990,Petroleum,502903
1989,Petroleum,503752
1988,Petroleum,501511
1987,Petroleum,487282
1986,Petroleum,494237
1985,Petroleum,481704
1984,Petroleum,488996
1983,Petroleum,460833
1982,Petroleum,467279
1981,Petroleum,450175
1980,Petroleum,498349
1979,Petroleum,567901
1978,Petroleum,601144
1977,Petroleum,584823
1976,Petroleum,599225
1975,Petroleum,556785
1974,Petroleum,575569
1973,Petroleum,602583
1972,Petroleum,583054
1971,Petroleum,527837
1970,Petroleum,512466
1969,Petroleum,498747
1968,Petroleum,471719
1967,Petroleum,433071
1966,Petroleum,450411
1965,Petroleum,424101
1964,Petroleum,401486
1963,Petroleum,397851
1962,Petroleum,391131
1961,Petroleum,374735
1960,Petroleum,381283
1960,Imports,-18966
1961,Imports,-19388
1962,Imports,-21907
1963,Imports,-22549
1964,Imports,-23258
1965,Imports,-15396
1966,Imports,-13720
1967,Imports,-1164
1968,Imports,3460
1969,Imports,8877
1970,Imports,18804
1971,Imports,42067
1972,Imports,16928
1973,Imports,20337
1974,Imports,11121
1975,Imports,-5024
1976,Imports,-19586
1977,Imports,-60774
1978,Imports,-20044
1979,Imports,14994
1980,Imports,7860
1981,Imports,23518
1982,Imports,42624
1983,Imports,47472
1984,Imports,85657
1985,Imports,72046
1986,Imports,94273
1987,Imports,61212
1988,Imports,48022
1989,Imports,52416
1990,Imports,96168
1991,Imports,109191
1992,Imports,98459
1993,Imports,75756
1994,Imports,86104
1995,Imports,103360
1996,Imports,115217
1997,Imports,125216
1998,Imports,103999
1999,Imports,122794
2000,Imports,108564
2001,Imports,136837
2002,Imports,146515
2003,Imports,172500
2004,Imports,174183
2005,Imports,157107
2006,Imports,161262
2007,Imports,159614
2008,Imports,153700
2009,Imports,121592
2010,Imports,153104
2011,Imports,157058
2012,Imports,160923
2013,Imports,173149
2014,Imports,123794
2015,Imports,94788
2016,Imports,66978
2017,Imports,86072
2018,Imports,92091
2019,Imports,70965
2020,Imports,89722
2021,Imports,94697
2022,Imports,84737
2023,Imports,88038
2024,Imports,13172
2023,Renewables,223858
2022,Renewables,229767
2021,Renewables,216108
2020,Renewables,206257
2019,Renewables,224857
2018,Renewables,223380
2017,Renewables,217590
2016,Renewables,217542
2015,Renewables,215508
2014,Renewables,211351
2013,Renewables,191780
2012,Renewables,193188
2011,Renewables,194486
2010,Renewables,189237
2009,Renewables,166637
2008,Renewables,146849
2007,Renewables,131926
2006,Renewables,112721
2005,Renewables,108275
2004,Renewables,104621
2003,Renewables,95537
2002,Renewables,92437
2001,Renewables,96084
2000,Renewables,93403
1999,Renewables,87458
1998,Renewables,80365
1997,Renewables,82546
1996,Renewables,76729
1995,Renewables,77675
1994,Renewables,73382
1993,Renewables,70211
1992,Renewables,65245
1991,Renewables,58373
1990,Renewables,54979
1989,Renewables,58607
1988,Renewables,56764
1987,Renewables,54444
1986,Renewables,58838
1985,Renewables,61907
1984,Renewables,59197
1983,Renewables,55050
1982,Renewables,51883
1981,Renewables,50015
1980,Renewables,49308
1979,Renewables,47583
1978,Renewables,42722
1977,Renewables,32020
1976,Renewables,31541
1975,Renewables,30537
1974,Renewables,29445
1973,Renewables,29079
1972,Renewables,28439
1971,Renewables,26846
1970,Renewables,26493
1969,Renewables,27125
1968,Renewables,26795
1967,Renewables,26329
1966,Renewables,26728
1965,Renewables,27094
1964,Renewables,26549
1963,Renewables,26381
1962,Renewables,27479
1961,Renewables,27142
1960,Renewables,28441
2024,Coal,134647
2023,Coal,148968
2022,Coal,184517
2021,Coal,179055
2020,Coal,162702
2019,Coal,205139
2018,Coal,261530
2017,Coal,257594
2016,Coal,261250
2015,Coal,271570
2014,Coal,313073
2013,Coal,267695
2012,Coal,257875
2011,Coal,315604
2010,Coal,315438
2009,Coal,328678
2008,Coal,359359
2007,Coal,366208
2006,Coal,370814
2005,Coal,379114
2004,Coal,378775
2003,Coal,390691
2002,Coal,360822
2001,Coal,353305
2000,Coal,373775
1999,Coal,341475
1998,Coal,357030
1997,Coal,341636
1996,Coal,354571
1995,Coal,337972
1994,Coal,332848
1993,Coal,325850
1992,Coal,300773
1991,Coal,301476
1990,Coal,325469
1989,Coal,324899
1988,Coal,303592
1987,Coal,255980
1986,Coal,201382
1985,Coal,226094
1984,Coal,231376
1983,Coal,211168
1982,Coal,212528
1981,Coal,244190
1980,Coal,242420
1979,Coal,229460
1978,Coal,255741
1977,Coal,264929
1976,Coal,222441
1975,Coal,191490
1974,Coal,188665
1973,Coal,180736
1972,Coal,161572
1971,Coal,155594
1970,Coal,179727
1969,Coal,191156
1968,Coal,150563
1967,Coal,161175
1966,Coal,171398
1965,Coal,159987
1964,Coal,156354
1963,Coal,138716
1962,Coal,131206
1961,Coal,130948
1960,Coal,131265
2023,Natural Gas,536789
2022,Natural Gas,535010
2021,Natural Gas,523812
2020,Natural Gas,496026
2019,Natural Gas,549487
2018,Natural Gas,514172
2017,Natural Gas,466884
2016,Natural Gas,466365
2015,Natural Gas,448557
2014,Natural Gas,490111
2013,Natural Gas,478611
2012,Natural Gas,430277
2011,Natural Gas,424958
2010,Natural Gas,427186
2009,Natural Gas,405516
2008,Natural Gas,435086
2007,Natural Gas,395658
2006,Natural Gas,358198
2005,Natural Gas,372082
2004,Natural Gas,362346
2003,Natural Gas,374189
2002,Natural Gas,374171
2001,Natural Gas,344882
2000,Natural Gas,367359
1999,Natural Gas,351078
1998,Natural Gas,337078
1997,Natural Gas,360264
1996,Natural Gas,374298
1995,Natural Gas,357493
1994,Natural Gas,327091
1993,Natural Gas,331511
1992,Natural Gas,312165
1991,Natural Gas,318200
1990,Natural Gas,291771
1989,Natural Gas,301369
1988,Natural Gas,285439
1987,Natural Gas,239750
1986,Natural Gas,244526
1985,Natural Gas,258499
1984,Natural Gas,256402
1983,Natural Gas,246314
1982,Natural Gas,263011
1981,Natural Gas,264845
1980,Natural Gas,284941
1979,Natural Gas,332631
1978,Natural Gas,312196
1977,Natural Gas,292501
1976,Natural Gas,319516
1975,Natural Gas,331518
1974,Natural Gas,351995
1973,Natural Gas,360450
1972,Natural Gas,352111
1971,Natural Gas,352144
1970,Natural Gas,343007
1969,Natural Gas,328944
1968,Natural Gas,315017
1967,Natural Gas,285350
1966,Natural Gas,265810
1965,Natural Gas,248244
1964,Natural Gas,236502
1963,Natural Gas,218609
1962,Natural Gas,221625
1961,Natural Gas,199324
1960,Natural Gas,186121
2024,Nuclear,123693
2023,Nuclear,124626
2022,Nuclear,153546
2021,Nuclear,147286
2020,Nuclear,153319
2019,Nuclear,147280
2018,Nuclear,152657
2017,Nuclear,145426
2016,Nuclear,144970
2015,Nuclear,125900
2014,Nuclear,132904
2013,Nuclear,111885
2012,Nuclear,125159
2011,Nuclear,125134
2010,Nuclear,140873
2009,Nuclear,129623
2008,Nuclear,135843
2007,Nuclear,137437
2006,Nuclear,137569
2005,Nuclear,133948
2004,Nuclear,138645
2003,Nuclear,139799
2002,Nuclear,142897
2001,Nuclear,123113
2000,Nuclear,135160
1999,Nuclear,139148
1998,Nuclear,122158
1997,Nuclear,113536
1996,Nuclear,127035
1995,Nuclear,139149
1994,Nuclear,127761
1993,Nuclear,125902
1992,Nuclear,116923
1991,Nuclear,126427
1990,Nuclear,128458
1989,Nuclear,115634
1988,Nuclear,130279
1987,Nuclear,120643
1986,Nuclear,116919
1985,Nuclear,122923
1984,Nuclear,90306
1983,Nuclear,128164
1982,Nuclear,112911
1981,Nuclear,112360
1980,Nuclear,109374
1979,Nuclear,125146
1978,Nuclear,126822
1977,Nuclear,120211
1976,Nuclear,109482
1975,Nuclear,107372
1974,Nuclear,48695
1973,Nuclear,35654
1972,Nuclear,38405
1971,Nuclear,15106
1970,Nuclear,0
1969,Nuclear,0
1968,Nuclear,167
1967,Nuclear,1624
1966,Nuclear,1498
1965,Nuclear,1693
1964,Nuclear,669
1963,Nuclear,8
1962,Nuclear,0
1961,Nuclear,0
1960,Nuclear,0
